N,P,K,temperature,humidity,ph,rainfall,label
29.75,13.7,22.833333333333332,6.518461538461538,67.89538461538461,7.3,39.08692307692308,apple
14.0,6.9,11.5,11.40230769230769,61.91230769230769,7.1,26.769615384615385,apple
85.5,32.0,53.333333333333336,3.8146153846153847,88.16538461538462,5.2,147.315,apple
66.0,53.1,88.5,7.990769230769231,62.818461538461534,6.0,75.78076923076922,apple
33.625,9.95,16.583333333333332,4.827692307692308,73.99615384615385,7.2,54.82961538461539,apple
22.625,9.7,16.166666666666668,26.43769230769231,78.01692307692308,5.8,127.63076923076923,banana
23.625,12.15,20.25,25.301538461538463,78.28846153846153,5.7,119.44269230769231,banana
60.0,40.0,50.0,28.20923076923077,79.09,6.5,179.7153846153846,banana
60.0,40.0,50.0,28.151538461538465,78.75153846153846,6.5,227.92884615384617,banana
42.875,20.9,34.833333333333336,27.003846153846155,79.51692307692308,5.4,162.6119230769231,banana
14.5,4.6,7.666666666666667,26.017692307692307,51.02461538461539,7.3,76.41423076923077,blackgram
16.75,6.6,11.0,25.663076923076922,53.62230769230769,7.5,107.26615384615386,blackgram
16.625,5.8,9.666666666666666,25.36,54.25384615384615,7.4,106.32769230769232,blackgram
12.5,4.4,7.333333333333333,25.513846153846153,50.8,7.3,84.03923076923077,blackgram
15.0,3.85,6.416666666666667,25.474615384615387,49.389230769230764,7.4,69.30538461538461,blackgram
15.375,4.95,8.25,27.401538461538465,32.71384615384615,7.8,19.191538461538464,chickpea
7.125,3.0,5.0,26.56153846153846,36.32230769230769,7.7,27.098076923076924,chickpea
13.75,3.25,5.416666666666667,25.366153846153846,42.15615384615384,7.4,41.43307692307692,chickpea
4.5,2.35,3.9166666666666665,28.194615384615382,38.38,8.0,19.191538461538464,chickpea
7.375,2.55,4.25,27.205384615384617,34.44307692307692,7.9,23.03923076923077,chickpea
60.0,40.0,50.0,27.806153846153848,78.88384615384615,6.5,187.22307692307692,coconut
23.75,21.35,35.583333333333336,27.27692307692308,67.86615384615385,7.4,68.64846153846155,coconut
32.375,20.1,33.5,28.33153846153846,71.80923076923077,7.2,84.79,coconut
60.0,40.0,50.0,27.766153846153845,78.71461538461539,6.5,194.8246153846154,coconut
30.0,15.1,25.166666666666668,22.786923076923078,73.42923076923077,5.0,93.82269230769231,coffee
18.375,8.6,14.333333333333334,24.794615384615383,61.78923076923077,5.4,76.20307692307692,coffee
22.75,14.4,24.0,23.245384615384616,63.888461538461534,5.5,59.99115384615385,coffee
34.625,19.05,31.75,21.106923076923074,71.52615384615385,5.2,104.5446153846154,coffee
25.625,15.35,25.583333333333332,24.123076923076926,61.17230769230769,5.5,84.69615384615385,coffee
46.25,13.85,23.083333333333332,17.973076923076924,66.65230769230769,6.7,72.42576923076922,cotton
43.625,14.5,24.166666666666668,19.128461538461536,67.16923076923078,7.5,72.19115384615384,cotton
24.875,18.8,31.333333333333332,18.845384615384617,74.48076923076923,5.5,100.27461538461539,cotton
42.125,13.8,23.0,16.121538461538464,74.59153846153846,5.7,108.885,cotton
37.5,22.7,37.833333333333336,19.058461538461536,77.81769230769231,5.4,120.28730769230768,cotton
46.125,21.15,35.25,15.75,71.26461538461538,7.1,65.90346153846153,grapes
84.75,40.15,66.91666666666667,14.30076923076923,72.15384615384616,6.2,67.54576923076924,grapes
60.0,40.0,50.0,17.51615384615385,78.04230769230769,6.5,54.031923076923086,grapes
60.0,40.0,50.0,17.574615384615385,79.58,6.5,57.128846153846155,grapes
75.25,41.25,68.75,12.88846153846154,75.61153846153846,6.5,64.98846153846154,grapes
19.875,11.6,19.333333333333332,25.815384615384616,69.40923076923077,6.3,112.19307692307692,jute
54.5,22.0,36.666666666666664,25.70384615384615,75.98615384615385,5.7,194.2146153846154,jute
54.625,23.8,39.666666666666664,25.934615384615384,73.83307692307693,5.9,162.51807692307693,jute
26.375,10.15,16.916666666666668,25.884615384615383,67.53076923076922,6.8,106.84384615384614,jute
17.875,9.3,15.5,25.884615384615383,67.53076923076922,6.7,106.84384615384614,jute
79.75,24.65,41.083333333333336,3.6184615384615384,65.34461538461538,7.6,38.05461538461538,kidneybeans
81.5,50.2,83.66666666666667,3.293846153846154,64.97846153846154,6.0,48.09615384615385,kidneybeans
91.0,49.6,82.66666666666667,7.546153846153847,61.76615384615385,6.3,38.781923076923086,kidneybeans
29.125,13.45,22.416666666666668,10.321538461538463,58.690769230769234,7.2,42.395,kidneybeans
28.0,10.9,18.166666666666668,6.313076923076922,55.30307692307693,7.7,30.664230769230766,kidneybeans
40.25,15.1,25.166666666666668,5.2807692307692315,68.91307692307693,7.0,32.353461538461545,lentil
58.25,28.6,47.666666666666664,2.4238461538461538,75.44076923076923,6.6,37.74961538461538,lentil
60.0,40.0,50.0,4.5976923076923075,70.55230769230769,6.5,35.896153846153844,lentil
38.125,14.7,24.5,5.26,68.18615384615384,7.0,32.56461538461539,lentil
46.0,19.75,32.916666666666664,7.862307692307693,76.4353846153846,6.6,71.76884615384616,maize
51.75,19.2,32.0,8.244615384615384,76.45076923076923,6.5,73.59884615384615,maize
56.75,21.9,36.5,7.172307692307692,73.5276923076923,6.8,58.536538461538456,maize
44.0,21.1,35.166666666666664,8.165384615384616,74.53999999999999,7.0,67.49884615384615,maize
19.75,7.15,11.916666666666666,26.035384615384615,53.05615384615385,7.5,58.56,mango
15.5,6.4,10.666666666666666,27.35307692307692,58.26076923076923,7.2,56.448461538461544,mango
14.625,7.6,12.666666666666666,26.826153846153847,54.401538461538465,7.4,71.32307692307691,mango
15.0,7.6,12.666666666666666,27.585384615384616,57.15538461538461,6.9,83.80461538461537,mango
22.0,10.35,17.25,26.822307692307692,55.651538461538465,7.6,70.97115384615385,mango
60.0,40.0,50.0,26.56230769230769,38.20307692307692,6.5,29.30346153846154,mothbeans
17.375,4.95,8.25,25.772307692307695,43.49307692307692,7.5,47.36884615384616,mothbeans
60.0,40.0,50.0,26.56230769230769,38.20307692307692,6.5,29.30346153846154,mothbeans
8.125,3.9,6.5,26.902307692307694,36.815384615384616,7.3,27.098076923076924,mothbeans
51.75,25.3,42.166666666666664,21.555384615384618,75.83769230769231,5.4,91.00730769230769,mungbean
18.0,10.35,17.25,25.583846153846153,75.06923076923077,5.5,134.05923076923077,mungbean
20.875,9.95,16.583333333333332,23.641538461538463,74.58461538461539,5.9,103.20730769230771,mungbean
41.0,24.2,40.333333333333336,24.77692307692308,74.36769230769231,6.1,95.32423076923078,mungbean
19.625,8.8,14.666666666666666,26.715384615384615,71.89153846153846,5.8,117.58923076923077,mungbean
33.25,14.15,23.583333333333332,19.05923076923077,45.4076923076923,6.4,35.379999999999995,muskmelon
54.25,38.05,63.416666666666664,11.014615384615384,48.47153846153846,5.5,38.94615384615385,muskmelon
4.75,1.35,2.25,12.234615384615383,42.3423076923077,8.2,20.575769230769232,muskmelon
7.5,2.1,3.5,11.468461538461538,37.964615384615385,8.3,10.088461538461539,muskmelon
61.5,47.8,79.66666666666667,8.18,48.60307692307693,7.1,26.183076923076925,muskmelon
60.0,40.0,50.0,25.49846153846154,77.33307692307693,6.5,100.955,orange
206.5,16.85,28.083333333333332,21.54692307692308,77.75461538461538,4.9,115.36038461538462,orange
60.0,40.0,50.0,24.900769230769228,77.4076923076923,6.5,98.21,orange
60.0,40.0,50.0,23.567692307692308,76.15461538461538,6.5,115.10230769230769,orange
230.5,18.3,30.5,21.681538461538462,76.80923076923077,5.0,105.01384615384615,orange
30.625,16.6,27.666666666666668,18.951538461538462,71.03769230769231,7.3,78.2676923076923,papaya
54.5,23.9,39.833333333333336,13.693076923076923,74.1,6.7,81.41153846153847,papaya
30.75,13.6,22.666666666666668,24.78846153846154,83.21692307692307,6.0,164.86423076923074,papaya
60.0,40.0,50.0,28.223846153846157,74.59538461538462,6.5,129.06192307692308,papaya
23.25,13.3,22.166666666666668,25.076923076923077,79.31615384615384,6.5,137.83653846153845,papaya
22.625,9.4,15.666666666666666,27.779999999999998,61.783846153846156,6.8,64.05,pigeonpeas
15.125,5.0,8.333333333333334,25.909230769230767,53.76153846153846,7.3,61.32846153846153,pigeonpeas
16.875,12.65,21.083333333333332,27.07461538461538,57.871538461538464,7.4,59.66269230769231,pigeonpeas
22.625,10.35,17.25,26.585384615384616,55.153076923076924,7.0,64.12038461538461,pigeonpeas
16.25,9.9,16.5,26.284615384615385,54.55,7.0,48.35423076923077,pigeonpeas
29.625,6.55,10.916666666666666,17.09769230769231,38.21,7.7,34.230384615384615,pomegranate
9.875,0.65,1.0833333333333333,19.970000000000002,29.725384615384616,7.7,4.73923076923077,pomegranate
12.125,1.95,3.25,15.273846153846154,38.55692307692308,7.7,13.091538461538462,pomegranate
12.875,1.25,2.0833333333333335,17.905384615384616,35.253846153846155,7.5,10.698461538461537,pomegranate
11.875,1.9,3.1666666666666665,18.257692307692306,30.47153846153846,7.8,4.575,pomegranate
60.0,40.0,50.0,28.203846153846158,78.98230769230769,6.5,204.09192307692308,rice
60.0,40.0,50.0,24.586153846153845,74.59384615384616,6.5,103.53576923076923,rice
18.875,8.55,14.25,28.517692307692307,70.79230769230769,5.3,97.36538461538463,rice
21.375,11.5,19.166666666666668,24.11769230769231,73.1723076923077,5.6,110.15192307692308,rice
20.125,8.45,14.083333333333334,28.11846153846154,66.62076923076924,6.0,103.62961538461539,rice
40.625,22.0,36.666666666666664,18.775384615384617,79.03384615384616,4.9,128.17038461538462,watermelon
34.125,19.3,32.166666666666664,17.494615384615386,76.28999999999999,5.5,121.76538461538462,watermelon
34.25,21.85,36.416666666666664,17.30153846153846,76.9,5.3,119.70076923076924,watermelon
30.875,19.95,33.25,16.463076923076922,76.52615384615385,5.2,109.82346153846154,watermelon
31.875,16.55,27.583333333333332,18.841538461538462,76.44615384615385,5.7,106.84384615384614,watermelon
